{
	"info": {
		"_postman_id": "fd851d00-fee6-4341-b7bc-70cfad8d9333",
		"name": "lessons-api",
		"schema": "https://schema.getpostman.com/json/collection/v2.1.0/collection.json",
		"_exporter_id": "25366136"
	},
	"item": [
		{
			"name": "/lessons",
			"request": {
				"method": "GET",
				"header": [],
				"url": {
					"raw": "http://localhost:3000/api/lesson?search=math",
					"protocol": "http",
					"host": [
						"localhost"
					],
					"port": "3000",
					"path": [
						"api",
						"lesson"
					],
					"query": [
						{
							"key": "search",
							"value": "math"
						}
					]
				}
			},
			"response": []
		},
		{
			"name": "/order",
			"request": {
				"method": "POST",
				"header": [],
				"body": {
					"mode": "raw",
					"raw": "{\n    \"name\": \"John Doe\",\n    \"phone\": 123456,\n    \"lessons\": [\n        {\n            \"subject\": \"Math\",\n            \"space\": 2\n        }\n    ]\n}",
					"options": {
						"raw": {
							"language": "json"
						}
					}
				},
				"url": {
					"raw": "http://localhost:3000/api/order",
					"protocol": "http",
					"host": [
						"localhost"
					],
					"port": "3000",
					"path": [
						"api",
						"order"
					]
				}
			},
			"response": []
		},
		{
			"name": "/order",
			"request": {
				"method": "GET",
				"header": [],
				"url": {
					"raw": "http://localhost:3000/api/order",
					"protocol": "http",
					"host": [
						"localhost"
					],
					"port": "3000",
					"path": [
						"api",
						"order"
					]
				}
			},
			"response": []
		},
		{
			"name": "/lesson",
			"request": {
				"method": "PUT",
				"header": [],
				"body": {
					"mode": "raw",
					"raw": "{\n    \"lessons\": [\n        {\n            \"subject\": \"Math\",\n            \"space\": 2\n        }\n    ]\n}",
					"options": {
						"raw": {
							"language": "json"
						}
					}
				},
				"url": {
					"raw": "http://localhost:3000/api/lesson",
					"protocol": "http",
					"host": [
						"localhost"
					],
					"port": "3000",
					"path": [
						"api",
						"lesson"
					]
				}
			},
			"response": []
		}
	]
}